	score	SE	SE_pctile	slope	intercept	SE_slope	t	pvalue_raw
ACTCCCGGCAGATAAA	1.28642285283	0.422116138485	77.731092437	1.28642285283	-10.6643399931	0.422116138485	3.04755666876	0.0225826384974
ACTTCCAGTGATTATA	-0.266601449922	0.524002457902	86.974789916	-0.266601449922	-8.72136585332	0.524002457902	-0.508779006476	0.629069045356
ACTTCCCGACCAACTA	-1.28851223523	0.121746117253	31.0924369748	-1.28851223523	-5.17649606312	0.121746117253	-10.5836002355	4.18772157509e-05
ACTTCCCGACGATAGC	0.390541592788	0.0964332707966	18.487394958	0.390541592788	-6.32516073435	0.0964332707966	4.04986359543	0.00672716663842
ACTTCCCGAGCAATCA	-0.140427447671	0.203190353244	51.2605042017	-0.140427447671	-6.76034785295	0.203190353244	-0.691112769031	0.515329203559
ACTTCCCGCAGATAAA	0.293577542727	0.106990330678	22.6890756303	0.293577542727	-4.71596177621	0.106990330678	2.74396331768	0.0335589871508
ACTTCCCGCCACGGCA	-0.288521905917	0.309356116444	67.6470588235	-0.288521905917	-8.08403208767	0.309356116444	-0.932652986577	0.386991471892
ACTTCCCGCCTATTTA	-0.666238341562	0.278582833349	64.7058823529	-0.666238341562	-7.63118370377	0.278582833349	-2.39152690621	0.0539138941339
ACTTCCCGCGAGATAT	-0.38759265919	0.0915373387221	15.5462184874	-0.38759265919	-4.61918959914	0.0915373387221	-4.23425745823	0.00547434474567
ACTTCCCGCTCCTCGC	0.517577620445	0.181816842852	47.8991596639	0.517577620445	-7.28221604849	0.181816842852	2.84669787642	0.0293082593627
ACTTCCCGGTAAGAAT	-1.47954487555	0.126761507715	32.7731092437	-1.47954487555	-6.24692090696	0.126761507715	-11.6718781768	2.38395337781e-05
ACTTCCCGGTACCGGC	-2.39406531675	0.205127881981	52.1008403361	-2.39406531675	-6.29435933549	0.205127881981	-11.6710868051	2.38488756895e-05
ACTTCCCGTAAACAAC	-0.29112956239	0.317132846807	68.0672268908	-0.29112956239	-9.40514173307	0.317132846807	-0.91800507365	0.394021087788
ACTTCCCGTACAACTA	0.296140102417	0.530995832423	87.8151260504	0.296140102417	-10.1063382779	0.530995832423	0.557707018275	0.597221705019
ACTTCCCGTACGGATA	-0.78774556156	0.228716544742	57.5630252101	-0.78774556156	-5.74448326946	0.228716544742	-3.44420016684	0.0137301247081
ACTTCCCGTATACTTA	-1.16168208643	0.171450907774	46.218487395	-1.16168208643	-7.5061066292	0.171450907774	-6.77559600884	0.000505092074412
ACTTCCCGTGATTATA	-0.483285684564	0.211712124533	53.3613445378	-0.483285684564	-6.69366942909	0.211712124533	-2.28274920783	0.0625632738479
ACTTCCCGTTGGAAGT	0.363172024759	0.276077089548	64.2857142857	0.363172024759	-8.68436522631	0.276077089548	1.31547324464	0.236381203523
ACTTCCGGCAGATAAA	0.997630137765	0.487842742487	82.7731092437	0.997630137765	-9.62646625567	0.487842742487	2.04498304655	0.0868431399244
AGAGTTGTACCAACTA	-0.781120805864	0.282712851655	65.5462184874	-0.781120805864	-7.0514496353	0.282712851655	-2.76294763854	0.0327261796631
ATACCGACCTCCTCGC	-1.45014907277	0.386172089174	74.7899159664	-1.45014907277	-7.61683957783	0.386172089174	-3.75518871878	0.00945186617768
CACCCGAAACCAACTA	-1.55284599234	0.268007409457	62.1848739496	-1.55284599234	-6.98850201326	0.268007409457	-5.79404127479	0.00115761702815
CACCCGAAACGATAGC	0.681513110521	0.107301655744	23.1092436975	0.681513110521	-5.73154537979	0.107301655744	6.35137552908	0.000714071945629
CACCCGAAAGCAATCA	-0.380959382095	0.491888193114	84.0336134454	-0.380959382095	-9.87229571758	0.491888193114	-0.774483688423	0.46805640069
CACCCGAACAGATAAA	0.0350706254622	0.127228306004	33.1932773109	0.0350706254622	-6.79798531992	0.127228306004	0.275651123273	0.792063592858
CACCCGAACCTATTTA	-0.414583335846	0.711604093711	95.3781512605	-0.414583335846	-9.83930643743	0.711604093711	-0.582603921914	0.581377762126
CACCCGAACGAGATAT	-0.196197733542	0.128789608389	33.6134453782	-0.196197733542	-7.82627207577	0.128789608389	-1.52339723675	0.178492243179
CACCCGAACTCCTCGC	-0.382485070023	0.178627589633	46.6386554622	-0.382485070023	-6.80205314504	0.178627589633	-2.14124296705	0.0760197887621
CACCCGAAGTAAGAAT	-0.708168214532	0.258714325715	60.5042016807	-0.708168214532	-6.94880233024	0.258714325715	-2.73725937895	0.0338584797394
CACCCGAAGTACCGGC	-1.75651675047	0.270134671352	62.6050420168	-1.75651675047	-7.93305736892	0.270134671352	-6.50237432199	0.000629994113671
CACCCGAATAAACAAC	-0.120987598639	0.671518671792	92.8571428571	-0.120987598639	-9.83794406366	0.671518671792	-0.180170118451	0.862950170348
CACCCGAATACGGATA	0.249937283649	0.141026887114	38.6554621849	0.249937283649	-5.8499324413	0.141026887114	1.77226689721	0.126725807976
CACCCGAATATACTTA	-0.501533444408	0.412019413712	76.8907563025	-0.501533444408	-9.15117458713	0.412019413712	-1.21725682751	0.269205832673
CACCCGAATGATTATA	-0.67861382078	0.430235462957	78.5714285714	-0.67861382078	-8.2452454398	0.430235462957	-1.57730796089	0.165799030169
CAGAGTTCTACGGATA	0.144354517884	0.489064307983	83.1932773109	0.144354517884	-9.87825354175	0.489064307983	0.295164696192	0.777815460726
CATGCGCGCAGATAAA	-3.35509847167	0.30430849941	67.2268907563	-3.35509847167	-7.01205871458	0.30430849941	-11.0253196285	3.31129122236e-05
CATGCGCGTACGGATA	-0.0773451583594	0.228381647738	57.1428571429	-0.0773451583594	-7.5150064076	0.228381647738	-0.338666259419	0.746398548548
CATGCGCGTATACTTA	0.015040943337	0.157123327397	43.6974789916	0.015040943337	-5.7612723341	0.157123327397	0.0957269909322	0.926854582377
CATGCGCGTGATTATA	-1.01553787008	0.157342030258	44.1176470588	-1.01553787008	-8.45588684034	0.157342030258	-6.45433307563	0.000655447568919
CCAGAGTCTGGCGCTC	0.914606932952	0.725680254237	97.0588235294	0.914606932952	-10.6723027722	0.725680254237	1.26034424612	0.254342527619
CCAGAGTTACCAACTA	-0.203743104556	0.0694972160305	9.66386554622	-0.203743104556	-3.00651945424	0.0694972160305	-2.9316728956	0.0262299594992
CCAGAGTTACGATAGC	0.123533109274	0.0534705761041	2.94117647059	0.123533109274	-4.51099717432	0.0534705761041	2.31030069759	0.0602440067835
CCAGAGTTACGGATAG	0.0954378128134	0.298859801545	66.8067226891	0.0954378128134	-8.20403279589	0.298859801545	0.319339744991	0.760294714228
CCAGAGTTAGCAATCA	0.474634200253	0.138538289129	37.3949579832	0.474634200253	-4.77091081729	0.138538289129	3.42601459307	0.0140396719191
CCAGAGTTATACGATA	0.115840268168	0.484417685546	82.3529411765	0.115840268168	-8.58891904516	0.484417685546	0.239133028427	0.818961394799
CCAGAGTTATCAACTA	1.27373488481	0.894162780876	99.5798319328	1.27373488481	-11.4829128539	0.894162780876	1.42450000386	0.204172732838
CCAGAGTTCAGATAAA	-0.0574554754408	0.0516557543937	2.52100840336	-0.0574554754408	-4.33695384683	0.0516557543937	-1.11227637879	0.308588189066
CCAGAGTTCCAACTAA	-0.391656054862	0.264650801132	61.3445378151	-0.391656054862	-8.94228412359	0.264650801132	-1.47989748448	0.189393700086
CCAGAGTTCCACGGCA	0.10961622617	0.124637920181	31.9327731092	0.10961622617	-4.92426268115	0.124637920181	0.879477337324	0.412975964896
CCAGAGTTCCTATTTA	-0.637614512077	0.118816226749	29.8319327731	-0.637614512077	-6.30629980786	0.118816226749	-5.36639253346	0.00171766397256
CCAGAGTTCGAGATAT	-0.137021728445	0.0627472285583	7.14285714286	-0.137021728445	-4.70291739833	0.0627472285583	-2.18370964891	0.0716937234769
CCAGAGTTCTCCTCGC	0.701371158598	0.0587149775423	5.88235294118	0.701371158598	-3.84001647702	0.0587149775423	11.9453534338	2.08511195086e-05
CCAGAGTTGTAAGAAT	-0.398969454028	0.0626316748909	6.72268907563	-0.398969454028	-4.8369390935	0.0626316748909	-6.37009076834	0.000702982371975
CCAGAGTTGTACCGGC	-2.9705469894	0.429074953783	78.1512605042	-2.9705469894	-5.36062463369	0.429074953783	-6.92314236291	0.000449597027991
CCAGAGTTTAAACAAC	-0.0114335394299	0.105261400792	21.8487394958	-0.0114335394299	-6.79916938354	0.105261400792	-0.108620437728	0.917045038588
CCAGAGTTTACAGATA	0.844519299316	0.466295437554	80.6722689076	0.844519299316	-12.054440018	0.466295437554	1.81112494634	0.120087721263
CCAGAGTTTACGGACA	0.163920448758	0.718537697888	96.218487395	0.163920448758	-11.6327541873	0.718537697888	0.228130617559	0.827120556065
CCAGAGTTTACGGATA	0.184116118879	0.0630408799554	7.98319327731	0.184116118879	-3.15293919269	0.0630408799554	2.92058294569	0.0266111061961
CCAGAGTTTACGGGTA	-0.304914450262	0.833431057474	99.1596638655	-0.304914450262	-11.4311311636	0.833431057474	-0.365854436942	0.727026399563
CCAGAGTTTACGTATA	0.0642389806828	0.476578882536	81.0924369748	0.0642389806828	-11.8790224649	0.476578882536	0.134791915959	0.897184461152
CCAGAGTTTACTGATA	0.14789901105	0.320864857064	68.9075630252	0.14789901105	-10.8695379519	0.320864857064	0.460938640657	0.661077869622
CCAGAGTTTATACTTA	-0.470078232716	0.119085277573	30.2521008403	-0.470078232716	-5.36036192849	0.119085277573	-3.94740846473	0.00756007755139
CCAGAGTTTATGGATA	-0.011727552404	0.533418922287	88.2352941176	-0.011727552404	-9.81795972662	0.533418922287	-0.0219856325189	0.983172337409
CCAGAGTTTCCAACTA	-0.26501083017	0.363034049021	72.268907563	-0.26501083017	-11.4790625713	0.363034049021	-0.729988911191	0.492901169032
CCAGAGTTTGATTATA	0.239515595624	0.0851452756691	13.8655462185	0.239515595624	-3.90648104267	0.0851452756691	2.81302272782	0.0306340615136
CCAGAGTTTGGCGCTC	0.0450437322428	0.054036090399	3.36134453782	0.0450437322428	-7.2333736586	0.054036090399	0.833586070166	0.436434894385
CCAGAGTTTTGGAAGT	0.238047225572	0.0839456742484	13.4453781513	0.238047225572	-6.2358367002	0.0839456742484	2.83572950844	0.0297331749435
CCAGATTATGATTATA	0.46688103637	0.381110907345	74.3697478992	0.46688103637	-9.60375863687	0.381110907345	1.22505293701	0.26646173232
CCGGCCATACCAACTA	-0.218075531053	0.0629784098935	7.56302521008	-0.218075531053	-3.83035146156	0.0629784098935	-3.46270303461	0.0134228785558
CCGGCCATACGATAGC	0.110388400796	0.101320748255	19.7478991597	0.110388400796	-5.1175515052	0.101320748255	1.08949452799	0.317747535366
CCGGCCATAGCAATCA	-0.16286869402	0.107533151763	23.5294117647	-0.16286869402	-6.35962402056	0.107533151763	-1.51459053649	0.180650745989
CCGGCCATATCGGTCC	0.769332711003	0.112226644119	26.4705882353	0.769332711003	-5.33589060106	0.112226644119	6.85516988447	0.000474243223247
CCGGCCATCACGGGCA	-0.109813549108	0.690174471374	93.6974789916	-0.109813549108	-8.49343032827	0.690174471374	-0.159109839124	0.878803036023
CCGGCCATCAGATAAA	0.391957326876	0.0590877500435	6.3025210084	0.391957326876	-5.21421876264	0.0590877500435	6.63347862437	0.000566104958988
CCGGCCATCCAACTAG	-0.45102308049	0.195125299742	50.8403361345	-0.45102308049	-7.94975719204	0.195125299742	-2.31145362025	0.0601489268183
CCGGCCATCCACGGCA	0.0789217634199	0.136570273151	36.974789916	0.0789217634199	-4.20953719636	0.136570273151	0.577883909863	0.58436232658
CCGGCCATCCTATTTA	-0.813125517912	0.188696477647	50.0	-0.813125517912	-8.49493392948	0.188696477647	-4.30917168169	0.00504197896212
CCGGCCATCGAGATAT	0.282779826635	0.0559598296981	4.6218487395	0.282779826635	-4.26315672434	0.0559598296981	5.05326460356	0.00232611178377
CCGGCCATCTCCTCGC	-0.301774764206	0.18695829755	49.5798319328	-0.301774764206	-6.64502570441	0.18695829755	-1.61412875578	0.15762652012
CCGGCCATGCCAACTA	0.0266491170636	0.703955273414	94.9579831933	0.0266491170636	-12.1258671177	0.703955273414	0.0378562645526	0.971030406084
CCGGCCATGTAAGAAT	-0.253838339726	0.067851677163	9.24369747899	-0.253838339726	-5.34370247855	0.067851677163	-3.74107686558	0.00961026764349
CCGGCCATGTACCGGC	0.163112071629	0.0651597849601	8.82352941176	0.163112071629	-4.54858458997	0.0651597849601	2.50326289028	0.0463233193357
CCGGCCATTAAACAAC	0.394980485845	0.102893886372	20.5882352941	0.394980485845	-6.53821459318	0.102893886372	3.83871675735	0.00857171251199
CCGGCCATTACGGATA	0.0160461396927	0.0877544066044	14.7058823529	0.0160461396927	-4.26557767138	0.0877544066044	0.18285280835	0.860935647409
CCGGCCATTATACTTA	-0.505456965925	0.22492461317	56.7226890756	-0.505456965925	-6.5840548488	0.22492461317	-2.24722834375	0.0656909868238
CCGGCCATTGATTATA	0.30508345669	0.0818611463603	12.1848739496	0.30508345669	-4.22236396633	0.0818611463603	3.72684075724	0.00977305791604
CCGGCCATTGGCGCTC	-0.0191830566437	0.220083584957	55.4621848739	-0.0191830566437	-8.0230864101	0.220083584957	-0.0871625961899	0.933378430122
CCGGCCATTTGGAAGT	0.0366942495375	0.33660074593	70.5882352941	0.0366942495375	-9.57096762155	0.33660074593	0.109014165837	0.916745725858
CGGCCATGCCACGGCA	-0.143765399556	0.403572630189	75.6302521008	-0.143765399556	-8.58165934286	0.403572630189	-0.356231787792	0.733858419942
CGGCCATTTACGGATA	-1.40811216032	0.511886018006	85.7142857143	-1.40811216032	-8.00961704566	0.511886018006	-2.7508314562	0.0332551008695
CGTGAAGGACCAACTA	-1.44554506626	0.554333490832	89.0756302521	-1.44554506626	-7.63054615307	0.554333490832	-2.60771735818	0.0402434259244
CGTGAAGGCGAGATAT	-0.778516507021	0.358194790216	71.8487394958	-0.778516507021	-7.52917861391	0.358194790216	-2.17344452875	0.0727156761955
CGTGAAGGTACGGATA	-1.09124569804	0.37238065972	73.5294117647	-1.09124569804	-7.98221337678	0.37238065972	-2.93045750244	0.0262714414571
CTAGAGTTTACGGATA	-0.020234187349	0.551412035384	88.6554621849	-0.020234187349	-12.0893879089	0.551412035384	-0.0366952225387	0.97191842371
CTATCTTCTACGGATA	0.941866120134	0.772924713687	98.7394957983	0.941866120134	-10.1790630135	0.772924713687	1.21857420711	0.268740422113
GCACTGCTTGGCGCTC	0.878843909741	0.519804045182	86.1344537815	0.878843909741	-9.98585928798	0.519804045182	1.69072156688	0.141844630998
GCAGTGCTACCAACTA	-0.500917251872	0.0550171070927	3.78151260504	-0.500917251872	-3.7577274157	0.0550171070927	-9.1047544726	9.86187910797e-05
GCAGTGCTACGATAGC	0.522470403534	0.106529051505	22.268907563	0.522470403534	-3.79501383846	0.106529051505	4.90448751917	0.00269864504087
GCAGTGCTACGATGGC	0.782525073079	0.596593619558	91.1764705882	0.782525073079	-12.3123263669	0.596593619558	1.31165511569	0.23758782885
GCAGTGCTAGCAATCA	0.094461709625	0.152759579335	40.756302521	0.094461709625	-6.7117247141	0.152759579335	0.618368484886	0.559059721084
GCAGTGCTCAGATAAA	0.400815550133	0.0582823108811	5.46218487395	0.400815550133	-4.65344775775	0.0582823108811	6.87713894788	0.000466111500281
GCAGTGCTCCACGGCA	0.119792102787	0.132755316959	35.2941176471	0.119792102787	-4.77627053698	0.132755316959	0.902352580154	0.401640420867
GCAGTGCTCCCCCCCC	0.852746991323	0.558161605837	89.4957983193	0.852746991323	-10.4625147041	0.558161605837	1.52777794532	0.177427576547
GCAGTGCTCCTATTTA	0.240773573237	0.0937629821723	16.8067226891	0.240773573237	-5.00557214355	0.0937629821723	2.56789585462	0.0424550372092
GCAGTGCTCGAGATAT	0.56251669752	0.0935461984201	15.9663865546	0.56251669752	-3.9960434807	0.0935461984201	6.01325021241	0.000953432387576
GCAGTGCTCTCCTCGC	0.333139889356	0.155299888714	43.2773109244	0.333139889356	-4.79500147362	0.155299888714	2.14513926645	0.0756119363929
GCAGTGCTGCGATAGC	-0.0801677613103	0.440089512317	78.9915966387	-0.0801677613103	-11.7679542301	0.440089512317	-0.182162398936	0.86145399039
GCAGTGCTGTAAGAAT	0.333354512656	0.0295629953175	0.420168067227	0.333354512656	-4.40792833542	0.0295629953175	11.2760736548	2.90911409431e-05
GCAGTGCTGTACCGGC	-2.50329488495	0.398860008152	75.2100840336	-2.50329488495	-6.27785102914	0.398860008152	-6.27612403799	0.000760731841697
GCAGTGCTTAAACAAC	-0.77988462381	0.213595966207	53.781512605	-0.77988462381	-6.6682598082	0.213595966207	-3.651214195	0.0106908304249
GCAGTGCTTACGGATA	-0.541668957751	0.107578816678	23.9495798319	-0.541668957751	-4.07347837034	0.107578816678	-5.03508938356	0.00236833723164
GCAGTGCTTATACTTA	-0.335283230741	0.113472274397	27.3109243697	-0.335283230741	-6.16040873363	0.113472274397	-2.95475905918	0.0254553256366
GCAGTGCTTGATTATA	-0.0921807821184	0.130186022356	34.4537815126	-0.0921807821184	-5.47768067443	0.130186022356	-0.708069733218	0.505464617223
GCAGTGCTTGGCGCTC	0.11187845175	0.235178959481	59.243697479	0.11187845175	-8.45228323445	0.235178959481	0.475716246032	0.651101941704
GCAGTGCTTTGGAAGT	-0.497304534372	0.50775359622	85.2941176471	-0.497304534372	-9.3294090372	0.50775359622	-0.979420998835	0.365196453411
GCCGACAGACCAACTA	-0.981364443255	0.131778799019	34.8739495798	-0.981364443255	-5.64077395937	0.131778799019	-7.44705863583	0.000302087341773
GCCGACAGCAGATAAA	0.259706820429	0.153377977828	41.1764705882	0.259706820429	-5.87567223656	0.153377977828	1.69324712783	0.141351101816
GCCGACAGCCACGGCA	-0.753571826866	0.208618851721	52.9411764706	-0.753571826866	-7.46739605053	0.208618851721	-3.61219429908	0.011201439122
GCCGACAGCTCCTCGC	0.471261527762	0.734369847591	97.4789915966	0.471261527762	-9.76579377831	0.734369847591	0.641722327391	0.544774020574
GCCGACAGTACGGATA	-2.16348308531	0.220323724169	55.8823529412	-2.16348308531	-5.82905701705	0.220323724169	-9.81956479477	6.42509415162e-05
GCCGACAGTGATTATA	-0.241394850374	0.154725693082	42.4369747899	-0.241394850374	-7.99215796302	0.154725693082	-1.56014715828	0.169743972673
GTTCGGCTCAGATAAA	-1.82133599245	0.525253839585	87.3949579832	-1.82133599245	-8.14421405936	0.525253839585	-3.46753484733	0.0133438985791
GTTTCAGCACGATAGC	0.563842942715	0.375921798172	73.9495798319	0.563842942715	-11.5255770539	0.375921798172	1.49989424784	0.184307293488
GTTTCGCACCACGGCA	-2.88601605176	0.216423519198	54.6218487395	-2.88601605176	-5.95604748109	0.216423519198	-13.3350389202	1.10024926009e-05
GTTTCGCAGTACCGGC	-4.21693195518	0.420584322366	77.3109243697	-4.21693195518	-7.14587732066	0.420584322366	-10.0263650615	5.70565688325e-05
GTTTCGCATACGGATA	0.507450821856	0.140286538868	38.2352941176	0.507450821856	-8.1911298681	0.140286538868	3.6172452892	0.0111338451485
GTTTCGGCACCAACTA	-1.79242825136	0.408490270214	76.0504201681	-1.79242825136	-4.00609200268	0.408490270214	-4.38793376993	0.00462830935739
GTTTCGGCACGATAGC	0.578496085247	0.108528826145	25.6302521008	0.578496085247	-3.57113446396	0.108528826145	5.3303449949	0.00177755657057
GTTTCGGCACTATAGC	0.294701419747	0.641386794689	92.0168067227	0.294701419747	-11.9451519418	0.641386794689	0.459475346526	0.662069906526
GTTTCGGCAGCAATCA	-0.158980689923	0.108279727012	25.2100840336	-0.158980689923	-6.38994209752	0.108279727012	-1.46824058677	0.192418719059
GTTTCGGCCAGATAAA	-2.19061010771	0.230400530889	57.9831932773	-2.19061010771	-5.39070915621	0.230400530889	-9.50783446227	7.71780863836e-05
GTTTCGGCCCACGGCA	-0.469888563327	0.143876736187	39.4957983193	-0.469888563327	-5.56669270354	0.143876736187	-3.26591063838	0.0171216218799
GTTTCGGCCCTATTTA	-4.24376809277	0.496130404458	84.4537815126	-4.24376809277	-5.87922489052	0.496130404458	-8.55373517656	0.000140096789455
GTTTCGGCCGAGATAT	-1.79178842354	0.275602074569	63.8655462185	-1.79178842354	-5.13445916197	0.275602074569	-6.50136043547	0.000630519452
GTTTCGGCCTCCTCGC	-1.65377508065	0.203196806349	51.6806722689	-1.65377508065	-5.52560539961	0.203196806349	-8.1387848085	0.000184921540227
GTTTCGGCGACGATAG	-4.14984470784	0.522952723887	86.5546218487	-4.14984470784	-6.47296603655	0.522952723887	-7.93541082834	0.000212819972239
GTTTCGGCGTAAGAAT	-2.04648251415	0.363696628877	72.6890756303	-2.04648251415	-5.4570325613	0.363696628877	-5.62689437202	0.00134717017978
GTTTCGGCGTACCGGC	-3.55072100471	0.694976197822	94.1176470588	-3.55072100471	-6.63949390129	0.694976197822	-5.10912606193	0.00220158452302
GTTTCGGCTAAACAAC	-0.352774868603	0.134779071509	36.5546218487	-0.352774868603	-5.85294070784	0.134779071509	-2.61743061925	0.039722760821
GTTTCGGCTACGGATA	-0.94498315871	0.279324546796	65.1260504202	-0.94498315871	-4.84685861636	0.279324546796	-3.38310101832	0.0148010441742
GTTTCGGCTATACTTA	-0.787679992003	0.230605523493	58.4033613445	-0.787679992003	-5.96667779885	0.230605523493	-3.41570305894	0.0142186007285
GTTTCGGCTGATTATA	-1.31461320684	0.233310825804	58.8235294118	-1.31461320684	-4.96250337975	0.233310825804	-5.63460011902	0.00133768900635
GTTTCGGCTGGCGCTC	-2.42325718907	0.322258850736	69.7478991597	-2.42325718907	-6.22174064796	0.322258850736	-7.51959855729	0.00028642946901
GTTTGGCTCCACGGCA	-1.82774519099	0.560581818101	89.9159663866	-1.82774519099	-8.95855646241	0.560581818101	-3.26044322519	0.0172392310572
GTTTTGGCACGATAGC	0.24936173209	0.752939050835	97.8991596639	0.24936173209	-11.6949293006	0.752939050835	0.331184485402	0.751766065309
TACTCAGAAAAGAATC	-0.22103008717	0.272138013861	63.4453781513	-0.22103008717	-8.18336978548	0.272138013861	-0.812198501906	0.447695099971
TACTCAGAACCAACTA	0.306787789911	0.0645307296217	8.40336134454	0.306787789911	-3.99822620749	0.0645307296217	4.75413483948	0.00314530517042
TACTCAGAACGATAGC	-0.320405456516	0.165166446275	45.7983193277	-0.320405456516	-5.89383282093	0.165166446275	-1.9398943535	0.100456614453
TACTCAGAAGCAATAA	0.0724259333946	0.112677478381	26.8907563025	0.0724259333946	-6.5047167919	0.112677478381	0.642772046686	0.544137317762
TACTCAGAAGCAATCA	0.0294828124329	0.129816706073	34.0336134454	0.0294828124329	-7.73723039105	0.129816706073	0.227111080882	0.827877840527
TACTCAGACAGATAAA	0.402767878099	0.0701197123992	10.0840336134	0.402767878099	-5.81778533591	0.0701197123992	5.74400356644	0.00121096809057
TACTCAGACCACGGCA	0.436240519447	0.154038423698	42.0168067227	0.436240519447	-4.81965873019	0.154038423698	2.83202404293	0.0298782202085
TACTCAGACCCCCCCC	-0.0515933290295	0.721389799814	96.6386554622	-0.0515933290295	-10.8622350936	0.721389799814	-0.0715193492378	0.945308789034
TACTCAGACCTATTTA	-0.419177267442	0.16295965418	45.3781512605	-0.419177267442	-8.76108270737	0.16295965418	-2.57227636836	0.0422055550491
TACTCAGACGAGATAT	-0.173078220988	0.0988701326502	19.3277310924	-0.173078220988	-6.42397326629	0.0988701326502	-1.75056122965	0.130589175662
TACTCAGACTCCTCGC	-0.0210006715995	0.0963206332761	18.0672268908	-0.0210006715995	-6.14170324822	0.0963206332761	-0.218028794924	0.834632773121
TACTCAGAGTAAGAAT	-0.343789484268	0.117029798326	28.5714285714	-0.343789484268	-6.17177632537	0.117029798326	-2.93762348724	0.0260278828996
TACTCAGAGTACCGGC	-1.65085390171	0.205297106545	52.5210084034	-1.65085390171	-6.38949150428	0.205297106545	-8.04129161629	0.000197732180504
TACTCAGATAAACAAC	1.11884566433	0.117589173565	29.4117647059	1.11884566433	-5.02852159834	0.117589173565	9.51486969773	7.68549193449e-05
TACTCAGATACGGATA	0.316531322369	0.0405343361202	0.840336134454	0.316531322369	-3.7213900571	0.0405343361202	7.80896772135	0.000232608975296
TACTCAGATACTGATA	0.238831899745	0.686820258522	93.2773109244	0.238831899745	-11.0172138784	0.686820258522	0.347735665601	0.739912917195
TACTCAGATATACTTA	-0.0701576817804	0.10437465035	21.4285714286	-0.0701576817804	-5.50793408088	0.10437465035	-0.672171658014	0.526496645358
TACTCAGATGATTATA	-0.22403583048	0.153897996025	41.5966386555	-0.22403583048	-5.75942487991	0.153897996025	-1.45574235056	0.195711809685
TACTCAGATGGCGCTC	-0.115708333967	0.713486710002	95.7983193277	-0.115708333967	-9.25734403954	0.713486710002	-0.162173075329	0.876493193396
TACTCAGCACCAACTA	0.216374390195	0.760766929355	98.3193277311	0.216374390195	-11.4556792802	0.760766929355	0.284416135673	0.785652398152
TACTCAGCTACGGATA	-0.0688457256639	0.644197393323	92.4369747899	-0.0688457256639	-10.9630759474	0.644197393323	-0.106870543683	0.9183754904
TATACCACCAGATAAA	0.694017862294	0.143162889567	39.0756302521	0.694017862294	-5.84737181711	0.143162889567	4.8477497513	0.00285817877723
TATACCGAACCAACTA	-0.399518081245	0.0713153156873	10.5042016807	-0.399518081245	-4.11802222216	0.0713153156873	-5.60213577398	0.00137815593916
TATACCGAACGATAGC	0.272551874891	0.0941796776666	17.2268907563	0.272551874891	-4.89231952807	0.0941796776666	2.89395633585	0.0275508874055
TATACCGAAGCAATCA	0.14354632279	0.263578922111	60.9243697479	0.14354632279	-7.77427202683	0.263578922111	0.544604711333	0.605658916018
TATACCGAAGTAGAAT	-0.472476446782	0.630136369321	91.5966386555	-0.472476446782	-8.86021926872	0.630136369321	-0.749800312734	0.481729525707
TATACCGACAGATAAA	0.26740782301	0.117439747945	28.9915966387	0.26740782301	-4.17876369791	0.117439747945	2.27697885674	0.0630606634472
TATACCGACCACGGCA	-0.472234500746	0.184161012572	49.1596638655	-0.472234500746	-7.67272147896	0.184161012572	-2.56424795971	0.0426639883659
TATACCGACCTATTTA	-0.689669251252	0.102027989311	20.1680672269	-0.689669251252	-7.00954148394	0.102027989311	-6.75960837719	0.000511564639875
TATACCGACGAAGAAT	-0.245487015441	0.579887155681	90.3361344538	-0.245487015441	-8.76445286592	0.579887155681	-0.423335838768	0.686804971298
TATACCGACGAGATAT	-0.0376979023293	0.120213380172	30.6722689076	-0.0376979023293	-5.9573964072	0.120213380172	-0.313591567556	0.764447052025
TATACCGACTCCTCGC	0.554512709655	0.0772464868428	11.3445378151	0.554512709655	-5.18310904937	0.0772464868428	7.1784845152	0.000369291535117
TATACCGAGTAAGAAT	0.211652528267	0.114304302168	27.731092437	0.211652528267	-5.92458989124	0.114304302168	1.85165846125	0.113528855022
TATACCGAGTACCGGC	-2.76885728915	0.411385621425	76.4705882353	-2.76885728915	-6.94364827592	0.411385621425	-6.73056408622	0.000523568403433
TATACCGATAAACAAC	0.927734103417	0.703940260675	94.5378151261	0.927734103417	-9.54482364628	0.703940260675	1.31791595856	0.235612117147
TATACCGATACGGATA	0.161592771015	0.0425818360519	1.68067226891	0.161592771015	-4.25130583713	0.0425818360519	3.79487560889	0.00902173403434
TATACCGATATACTTA	-0.279342081626	0.283962542555	65.9663865546	-0.279342081626	-7.06145823024	0.283962542555	-0.983728625305	0.363238515165
TATACCGATGATTATA	0.49327294113	0.116073147955	28.1512605042	0.49327294113	-4.91673912375	0.116073147955	4.24967315716	0.00538207717594
TATACCGATGGCGCTC	0.157072553372	0.249263732898	60.0840336134	0.157072553372	-8.45340308867	0.249263732898	0.630146036673	0.551826564786
TATACCGCACGATAGC	0.0363064926195	0.481746436264	81.9327731092	0.0363064926195	-11.6884056001	0.481746436264	0.0753643200791	0.942374839971
TATACCGCCAGATAAA	0.347802566041	0.353583625711	71.0084033613	0.347802566041	-10.5261518179	0.353583625711	0.983650092227	0.363274136208
TCTATCTCACCAACTA	-1.30694577475	1.08749688989	100.0	-1.30694577475	-10.5635020864	1.08749688989	-1.20179265514	0.274721498233
TCTATCTTACCAACTA	-0.666110414392	0.0782514287698	11.7647058824	-0.666110414392	-3.72649056146	0.0782514287698	-8.51243772624	0.000143945319849
TCTATCTTACGATAGC	0.0102563004278	0.0417505951906	1.26050420168	0.0102563004278	-4.82118438699	0.0417505951906	0.245656388393	0.814135435694
TCTATCTTAGCAATCA	-1.02600991403	0.448559900642	79.8319327731	-1.02600991403	-8.11799846921	0.448559900642	-2.2873420307	0.0621702976096
TCTATCTTCAGATAAA	-0.121809951176	0.0895499505005	15.1260504202	-0.121809951176	-5.22492496439	0.0895499505005	-1.36024587948	0.222636129121
TCTATCTTCCACGGCA	-0.248516955182	0.134000715588	36.1344537815	-0.248516955182	-6.57696264184	0.134000715588	-1.85459423923	0.113067823634
TCTATCTTCCTATTTA	-0.651442106834	0.0960914048811	17.6470588235	-0.651442106834	-5.82922608913	0.0960914048811	-6.77940038071	0.000503565763806
TCTATCTTCGAGATAT	-0.908765070551	0.103778409754	21.0084033613	-0.908765070551	-5.19596581308	0.103778409754	-8.75678354205	0.000122820358015
TCTATCTTCTCCTCGC	-0.430910700933	0.271851185646	63.025210084	-0.430910700933	-7.0817717046	0.271851185646	-1.58509774349	0.164037137676
TCTATCTTGTAAGAAT	-1.82575058768	0.18321215098	48.3193277311	-1.82575058768	-5.11725601217	0.18321215098	-9.9652265306	5.90816337971e-05
TCTATCTTGTACCGGC	-2.36614793745	0.293596538996	66.3865546218	-2.36614793745	-5.76845810037	0.293596538996	-8.05918198333	0.000195306539665
TCTATCTTTAAACAAC	-0.121335257378	0.266950866747	61.7647058824	-0.121335257378	-7.70897721364	0.266950866747	-0.454522807349	0.665433038872
TCTATCTTTACGGATA	-0.713626510877	0.0873450211624	14.2857142857	-0.713626510877	-4.02892349693	0.0873450211624	-8.17020250703	0.000180999178557
TCTATCTTTATACTTA	-0.456126406629	0.144723313326	39.9159663866	-0.456126406629	-5.88380894051	0.144723313326	-3.15171340504	0.0197716942111
TCTATCTTTGATTATA	-0.234042153301	0.0828264351863	12.6050420168	-0.234042153301	-4.82162781752	0.0828264351863	-2.82569390769	0.0301277693936
TCTATCTTTGGCGCTC	-1.62078647333	0.161129260465	44.9579831933	-1.62078647333	-7.09522418438	0.161129260465	-10.0589208233	5.60110907735e-05
TGTCTTTGACACGGCA	-0.211044036428	0.32028314508	68.487394958	-0.211044036428	-9.40192479388	0.32028314508	-0.658929574252	0.53439636316
TGTCTTTGACCAACTA	-0.387514752952	0.0456633108328	2.10084033613	-0.387514752952	-4.19391594609	0.0456633108328	-8.48634814	0.000146439544323
TGTCTTTGACGATAGC	-0.032399101965	0.0744228112706	10.9243697479	-0.032399101965	-4.73268913403	0.0744228112706	-0.435338324526	0.678540792834
TGTCTTTGAGCAATCA	0.0172977811885	0.320887976708	69.3277310924	0.0172977811885	-7.60238045895	0.320887976708	0.0539059810404	0.95876012845
TGTCTTTGCAGATAAA	0.0516305268035	0.0936834747112	16.3865546218	0.0516305268035	-5.33418511972	0.0936834747112	0.551116693341	0.60145707817
TGTCTTTGCCACGGCA	-0.720639592985	0.219680758213	55.0420168067	-0.720639592985	-6.4503528181	0.219680758213	-3.28039469113	0.0168142853354
TGTCTTTGCCTATTTA	0.144558155613	0.331093115045	70.1680672269	0.144558155613	-7.36237693332	0.331093115045	0.43660876365	0.677668878779
TGTCTTTGCGAGATAT	-0.121952216839	0.0969612217411	18.9075630252	-0.121952216839	-5.44224911518	0.0969612217411	-1.25774216381	0.255219313548
TGTCTTTGCTACGGAT	-0.792100279852	0.122177605429	31.512605042	-0.792100279852	-6.50694763722	0.122177605429	-6.48318713624	0.000640021556179
TGTCTTTGCTCCTCGC	-0.0679921029412	0.146858961983	40.3361344538	-0.0679921029412	-5.89532509377	0.146858961983	-0.462975510811	0.659698233197
TGTCTTTGGTAAGAAT	0.18911017197	0.107711875223	24.7899159664	0.18911017197	-4.5152309144	0.107711875223	1.75570401665	0.129663525842
TGTCTTTGGTACCGGC	-1.47208911594	0.181665483644	47.4789915966	-1.47208911594	-5.05924341623	0.181665483644	-8.10329560914	0.00018947071023
TGTCTTTGTAAACAAC	-0.0722779248335	0.132923434884	35.7142857143	-0.0722779248335	-6.25208312374	0.132923434884	-0.54375607203	0.60620772309
TGTCTTTGTACGGATA	0.1406163546	0.0554370552922	4.20168067227	0.1406163546	-4.13037693795	0.0554370552922	2.53650475949	0.0442892298593
TGTCTTTGTATACTTA	-0.256004187647	0.110266343777	26.0504201681	-0.256004187647	-6.05664404947	0.110266343777	-2.32168927415	0.0593116282949
TGTCTTTGTCGAGATT	0.33974325825	0.223682723182	56.3025210084	0.33974325825	-6.46450217798	0.223682723182	1.51886231273	0.17960070429
TGTCTTTGTGATTATA	0.211714652707	0.0564146232132	5.04201680672	0.211714652707	-4.444052064	0.0564146232132	3.75283287645	0.00947810686254
TGTCTTTGTGGCGCTC	-0.440237412877	0.139133276744	37.8151260504	-0.440237412877	-7.03039472609	0.139133276744	-3.16414177242	0.0194626155716
TGTCTTTGTTACGGAT	0.299970370106	0.154773355545	42.8571428571	0.299970370106	-6.80050977928	0.154773355545	1.9381266824	0.100703115814
TGTTTTGACTCCTCGC	0.55256429127	0.481246282355	81.512605042	0.55256429127	-9.23948216555	0.481246282355	1.14819441007	0.29459692321
TTCTTTGGTGATTATA	0.455004945669	0.21424176301	54.2016806723	0.455004945669	-7.50308858731	0.21424176301	2.1237920155	0.0778743554035
TTGTAACTAACCAACT	1.27617063955	0.580470571349	90.756302521	1.27617063955	-10.1941629808	0.580470571349	2.1985104888	0.0702461841515
TTGTAACTACCAACTA	-0.214242795217	0.107649125665	24.3697478992	-0.214242795217	-4.06854129418	0.107649125665	-1.99019540469	0.0936906628871
TTGTAACTACGATAGC	0.214960361049	0.183417543523	48.7394957983	0.214960361049	-6.57965341604	0.183417543523	1.17197274001	0.285632814592
TTGTAACTAGCAATCA	0.121009337773	0.491421840716	83.6134453782	0.121009337773	-9.47124173726	0.491421840716	0.246243304116	0.813701671858
TTGTAACTCAGATAAA	-0.239283059152	0.247397808023	59.6638655462	-0.239283059152	-7.38203886939	0.247397808023	-0.967199592691	0.370796780951
TTGTAACTCCTATTTA	0.159924729001	0.450788255697	80.2521008403	0.159924729001	-9.81696511923	0.450788255697	0.354766848915	0.734900883281
TTGTAACTCGAGATAT	-0.0811469831703	0.125600117244	32.3529411765	-0.0811469831703	-4.98713301201	0.125600117244	-0.646074103676	0.542137526897
TTGTAACTCTCCTCGC	0.344271429165	0.354729485146	71.4285714286	0.344271429165	-7.93942151337	0.354729485146	0.97051822186	0.369269414927
TTGTAACTGTAAGAAT	-0.467716555194	0.18944379672	50.4201680672	-0.467716555194	-8.04352915754	0.18944379672	-2.4688934834	0.0485304720885
TTGTAACTTAAACAAC	-0.0270940856876	0.442910598294	79.4117647059	-0.0270940856876	-9.81085692463	0.442910598294	-0.0611728095737	0.953208365249
TTGTAACTTACGGATA	-0.313389676943	0.158043043813	44.5378151261	-0.313389676943	-6.13297086011	0.158043043813	-1.98293875758	0.0946376729112
TTGTAACTTATACTTA	0.869313553451	0.36869353383	73.1092436975	0.869313553451	-8.99076041323	0.36869353383	2.35782153384	0.056451830446
TTGTAACTTGATTATA	-1.0735061463	0.180184482116	47.0588235294	-1.0735061463	-7.12444966801	0.180184482116	-5.95781686466	0.0010008788859
TTGTAACTTTGGAAGT	-2.01427390004	0.502204597487	84.8739495798	-2.01427390004	-7.32790962878	0.502204597487	-4.01086312257	0.00703149312863
TTGTACTATACGGATA	0.00739658354655	0.0838533166085	13.025210084	0.00739658354655	-7.06794033267	0.0838533166085	0.0882085986065	0.932581332158
